Make,Logo.png link,Image
Audi,https://th.bing.com/th/id/OIP.NONztQyG7Xdp9V1cwyGxlgHaFN?pid=ImgDet&rs=1,https://i.pinimg.com/originals/58/f1/89/58f18985ab75d8af6e684d2f79fa073d.jpg
BMW,https://th.bing.com/th/id/R.276a970cd35a83cc71beee75cb89f382?rik=iREVNovJHK%2f9bw&riu=http%3a%2f%2fwww.freepngimg.com%2fdownload%2fbmw%2f22394-8-bmw-logo-file.png&ehk=fC9F2SILqzdKMdJGgdVdDUDjTidnW3xFFLEnRsCNBJA%3d&risl=&pid=ImgRaw&r=0,https://3.bp.blogspot.com/-mPw6IF31-5g/VvcQHHyBDSI/AAAAAAAAAaw/k6cgTpHHIA8zqNom6-4SgT4wv6IJU1nsg/s1600/bmw-i8-2015-exotic%2Bcar.jpg
Ford,https://th.bing.com/th/id/OIP.JltPEmEWEeRAdEQFrRlxjAHaC9?pid=ImgDet&rs=1,https://th.bing.com/th/id/R.d32d56802441c2e153f78f3e691be83e?rik=pbD86Gl3Ym%2boDw&riu=http%3a%2f%2fauto-database.com%2fimage%2fcars-ford-1231.jpg&ehk=yUbkGf5Wa8FYk5grMePn7GEU9ZYzALwYWRHkCXgNQ10%3d&risl=&pid=ImgRaw&r=0
VW,https://th.bing.com/th/id/OIP._wCIR7523U-8chVO6F5XVgHaHa?pid=ImgDet&rs=1,https://th.bing.com/th/id/OIP.FWAiMeIhB4edlHJeQR5abQHaE7?pid=ImgDet&rs=1
Toyota,https://th.bing.com/th/id/OIP.dP8nCxb2DctP_qPlxh9kKQHaGN?pid=ImgDet&rs=1,https://th.bing.com/th/id/R.66f851aacaf57ca37680249d10742707?rik=L1XfklsmySJEQA&riu=http%3a%2f%2fimages2.cardekho.com%2fimages%2fcarNewsimages%2fuserimages%2f13407%2fToyota.jpg&ehk=j8ILNrI%2fyudgRtsqNPhkPek7%2b6HMDpBhSyhVUEZFWCU%3d&risl=&pid=ImgRaw&r=0
Skoda,https://th.bing.com/th/id/OIP.A7NWq69EA6FEjHHIjuo7ewHaHa?pid=ImgDet&rs=1,https://mediacloud.carbuyer.co.uk/image/private/s--f0w4vBOi--/v1579628841/carbuyer/2017/06/superb-dp.jpg
Hyundai,https://th.bing.com/th/id/R.699bd8d4a40fdbc9a81bc0ebfa1d8a05?rik=Joir5awCT7ppIw&riu=http%3a%2f%2fwww.carlogos.org%2flogo%2fHyundai-logo-grey-2560x1440.png&ehk=onVKzqm9UXS7CMytoYSUZOhWde%2fAwo0MIBSVNKFfXAs%3d&risl=&pid=ImgRaw&r=0,https://th.bing.com/th/id/OIP.B5sHrfJNQIW0IAQCZeWjZwHaFC?pid=ImgDet&rs=1
